{
    "annotations": {
      "list": [
        {
          "builtIn": 1,
          "datasource": {
            "type": "grafana",
            "uid": "-- Grafana --"
          },
          "enable": true,
          "hide": true,
          "iconColor": "rgba(0, 211, 255, 1)",
          "name": "Annotations & Alerts",
          "target": {
            "limit": 100,
            "matchAny": false,
            "tags": [],
            "type": "dashboard"
          },
          "type": "dashboard"
        }
      ]
    },
    "editable": true,
    "fiscalYearStartMonth": 0,
    "graphTooltip": 0,
    "id": 27,
    "links": [],
    "liveNow": false,
    "panels": [
      {
        "datasource": {
          "type": "prometheus",
          "uid": "prometheus"
        },
        "fieldConfig": {
          "defaults": {
            "color": {
              "mode": "palette-classic"
            },
            "custom": {
              "axisLabel": "",
              "axisPlacement": "auto",
              "barAlignment": 0,
              "drawStyle": "line",
              "fillOpacity": 13,
              "gradientMode": "none",
              "hideFrom": {
                "legend": false,
                "tooltip": false,
                "viz": false
              },
              "lineInterpolation": "linear",
              "lineWidth": 2,
              "pointSize": 4,
              "scaleDistribution": {
                "type": "linear"
              },
              "showPoints": "auto",
              "spanNulls": false,
              "stacking": {
                "group": "A",
                "mode": "none"
              },
              "thresholdsStyle": {
                "mode": "off"
              }
            },
            "mappings": [],
            "thresholds": {
              "mode": "absolute",
              "steps": [
                {
                  "color": "green",
                  "value": null
                },
                {
                  "color": "red",
                  "value": 80
                }
              ]
            }
          },
          "overrides": []
        },
        "gridPos": {
          "h": 8,
          "w": 24,
          "x": 0,
          "y": 0
        },
        "id": 2,
        "options": {
          "legend": {
            "calcs": [],
            "displayMode": "hidden",
            "placement": "bottom"
          },
          "tooltip": {
            "mode": "single",
            "sort": "none"
          }
        },
        "targets": [
          {
            "datasource": {
              "type": "prometheus",
              "uid": "prometheus"
            },
            "expr": "kubescape_cluster_riskScore",
            "refId": "A"
          }
        ],
        "title": "Overtime Cluster Risk score",
        "transparent": true,
        "type": "timeseries"
      },
      {
        "datasource": {
          "type": "prometheus",
          "uid": "prometheus"
        },
        "fieldConfig": {
          "defaults": {
            "color": {
              "mode": "palette-classic"
            },
            "custom": {
              "axisLabel": "",
              "axisPlacement": "auto",
              "barAlignment": 0,
              "drawStyle": "points",
              "fillOpacity": 10,
              "gradientMode": "none",
              "hideFrom": {
                "legend": false,
                "tooltip": false,
                "viz": false
              },
              "lineInterpolation": "linear",
              "lineWidth": 1,
              "pointSize": 4,
              "scaleDistribution": {
                "type": "linear"
              },
              "showPoints": "never",
              "spanNulls": true,
              "stacking": {
                "group": "A",
                "mode": "none"
              },
              "thresholdsStyle": {
                "mode": "off"
              }
            },
            "mappings": [],
            "thresholds": {
              "mode": "absolute",
              "steps": [
                {
                  "color": "green",
                  "value": null
                },
                {
                  "color": "red",
                  "value": 80
                }
              ]
            },
            "unit": "short"
          },
          "overrides": []
        },
        "gridPos": {
          "h": 8,
          "w": 12,
          "x": 0,
          "y": 8
        },
        "id": 7,
        "options": {
          "legend": {
            "calcs": [],
            "displayMode": "list",
            "placement": "bottom"
          },
          "tooltip": {
            "mode": "multi",
            "sort": "none"
          }
        },
        "pluginVersion": "8.5.0",
        "targets": [
          {
            "datasource": {
              "type": "prometheus",
              "uid": "prometheus"
            },
            "editorMode": "code",
            "exemplar": false,
            "expr": "sum (kubescape_control_riskScore) by (name)",
            "instant": false,
            "interval": "",
            "legendFormat": "{{link}}",
            "range": true,
            "refId": "A"
          }
        ],
        "title": "Overtime Controls Risk score ",
        "type": "timeseries"
      },
      {
        "datasource": {
          "type": "prometheus",
          "uid": "prometheus"
        },
        "fieldConfig": {
          "defaults": {
            "color": {
              "mode": "palette-classic"
            },
            "custom": {
              "axisLabel": "",
              "axisPlacement": "auto",
              "barAlignment": 0,
              "drawStyle": "line",
              "fillOpacity": 0,
              "gradientMode": "none",
              "hideFrom": {
                "legend": false,
                "tooltip": false,
                "viz": false
              },
              "lineInterpolation": "linear",
              "lineWidth": 1,
              "pointSize": 5,
              "scaleDistribution": {
                "type": "linear"
              },
              "showPoints": "auto",
              "spanNulls": false,
              "stacking": {
                "group": "A",
                "mode": "none"
              },
              "thresholdsStyle": {
                "mode": "off"
              }
            },
            "mappings": [],
            "thresholds": {
              "mode": "absolute",
              "steps": [
                {
                  "color": "green",
                  "value": null
                },
                {
                  "color": "red",
                  "value": 80
                }
              ]
            }
          },
          "overrides": [
            {
              "__systemRef": "hideSeriesFrom",
              "matcher": {
                "id": "byNames",
                "options": {
                  "mode": "exclude",
                  "names": [
                    "{__name__=\"kubescape_framework_riskScore\", container=\"kubescape\", endpoint=\"http\", instance=\"172.17.0.9:8080\", job=\"armo-kubescape\", name=\"DevOpsBest\", namespace=\"armo-system\", pod=\"armo-kubescape-66555d4db6-wznwg\", service=\"armo-kubescape\"}"
                  ],
                  "prefix": "All except:",
                  "readOnly": true
                }
              },
              "properties": [
                {
                  "id": "custom.hideFrom",
                  "value": {
                    "legend": false,
                    "tooltip": false,
                    "viz": false
                  }
                }
              ]
            }
          ]
        },
        "gridPos": {
          "h": 8,
          "w": 12,
          "x": 12,
          "y": 8
        },
        "id": 5,
        "options": {
          "legend": {
            "calcs": [],
            "displayMode": "list",
            "placement": "bottom"
          },
          "tooltip": {
            "mode": "single",
            "sort": "none"
          }
        },
        "targets": [
          {
            "datasource": {
              "type": "prometheus",
              "uid": "prometheus"
            },
            "editorMode": "code",
            "exemplar": false,
            "expr": "sum(kubescape_framework_riskScore) by (name)",
            "hide": false,
            "instant": true,
            "legendFormat": "{{name}}",
            "range": false,
            "refId": "A"
          }
        ],
        "title": "Overtime Frameworks Risk score",
        "type": "timeseries"
      },
      {
        "datasource": {
          "type": "prometheus",
          "uid": "prometheus"
        },
        "description": "Number of Resources that failed/passed or excluded",
        "fieldConfig": {
          "defaults": {
            "color": {
              "mode": "palette-classic"
            },
            "custom": {
              "hideFrom": {
                "legend": false,
                "tooltip": false,
                "viz": false
              }
            },
            "mappings": []
          },
          "overrides": []
        },
        "gridPos": {
          "h": 8,
          "w": 12,
          "x": 0,
          "y": 16
        },
        "id": 4,
        "options": {
          "displayLabels": [
            "percent"
          ],
          "legend": {
            "displayMode": "list",
            "placement": "right",
            "values": []
          },
          "pieType": "pie",
          "reduceOptions": {
            "calcs": [
              "lastNotNull"
            ],
            "fields": "",
            "values": false
          },
          "tooltip": {
            "mode": "multi",
            "sort": "none"
          }
        },
        "pluginVersion": "8.5.0",
        "targets": [
          {
            "datasource": {
              "type": "prometheus",
              "uid": "prometheus"
            },
            "editorMode": "code",
            "expr": "sum(kubescape_control_count_resources_passed)",
            "hide": false,
            "legendFormat": "passed",
            "range": true,
            "refId": "C"
          },
          {
            "datasource": {
              "type": "prometheus",
              "uid": "prometheus"
            },
            "editorMode": "code",
            "exemplar": false,
            "expr": "sum(kubescape_control_count_resources_failed)",
            "hide": false,
            "instant": true,
            "legendFormat": "failed",
            "range": false,
            "refId": "A"
          },
          {
            "datasource": {
              "type": "prometheus",
              "uid": "prometheus"
            },
            "editorMode": "code",
            "exemplar": false,
            "expr": "sum(kubescape_control_count_resources_exclude)",
            "hide": false,
            "instant": false,
            "legendFormat": "exclude",
            "range": true,
            "refId": "B"
          }
        ],
        "title": "Resources by Status",
        "type": "piechart"
      },
      {
        "datasource": {
          "type": "prometheus",
          "uid": "prometheus"
        },
        "description": "Number of controls that failed/passed or excluded\n",
        "fieldConfig": {
          "defaults": {
            "color": {
              "mode": "palette-classic"
            },
            "custom": {
              "hideFrom": {
                "legend": false,
                "tooltip": false,
                "viz": false
              }
            },
            "mappings": []
          },
          "overrides": []
        },
        "gridPos": {
          "h": 8,
          "w": 12,
          "x": 12,
          "y": 16
        },
        "id": 8,
        "options": {
          "displayLabels": [
            "percent"
          ],
          "legend": {
            "displayMode": "list",
            "placement": "right",
            "values": []
          },
          "pieType": "pie",
          "reduceOptions": {
            "calcs": [
              "lastNotNull"
            ],
            "fields": "",
            "values": false
          },
          "tooltip": {
            "mode": "single",
            "sort": "none"
          }
        },
        "pluginVersion": "8.5.0",
        "targets": [
          {
            "datasource": {
              "type": "prometheus",
              "uid": "prometheus"
            },
            "editorMode": "code",
            "exemplar": false,
            "expr": "kubescape_cluster_count_control_failed",
            "hide": false,
            "instant": true,
            "legendFormat": "failed",
            "range": false,
            "refId": "A"
          },
          {
            "datasource": {
              "type": "prometheus",
              "uid": "prometheus"
            },
            "editorMode": "code",
            "exemplar": false,
            "expr": "kubescape_cluster_count_control_exclude",
            "hide": false,
            "instant": false,
            "legendFormat": "exclude",
            "range": true,
            "refId": "B"
          },
          {
            "datasource": {
              "type": "prometheus",
              "uid": "prometheus"
            },
            "editorMode": "code",
            "exemplar": false,
            "expr": "kubescape_cluster_count_control_passed",
            "hide": false,
            "instant": false,
            "legendFormat": "passed",
            "range": true,
            "refId": "C"
          }
        ],
        "title": "Controls by Status",
        "type": "piechart"
      }
    ],
    "schemaVersion": 36,
    "style": "dark",
    "tags": [],
    "templating": {
      "list": []
    },
    "time": {
      "from": "now-6h",
      "to": "now"
    },
    "timepicker": {},
    "timezone": "",
    "title": "Kubescape",
    "uid": "SwdcJornz",
    "version": 7,
    "weekStart": ""
  }