[
    {
        "name": "exclude-deployments-in-ns-default",
        "policyType": "postureExceptionPolicy",
        "actions": [
            "alertOnly"
        ],
        "resources": [
            {
                "designatorType": "Attributes",
                "attributes": {
                    "namespace": "default",
                    "kind": "Deployment"
                }
            }
        ],
        "posturePolicies": [
            {
                "controlName": "Allowed hostPath" 
            }
        ]
    }
]